<?xml version="1.0" encoding="UTF-8"?>



<faces-config version="2.2" xmlns="http://xmlns.jcp.org/xml/ns/javaee"
	xmlns:xsi="http://www.w3.org/2001/XMLSchema-instance"
	xsi:schemaLocation="http://xmlns.jcp.org/xml/ns/javaee 
	http://xmlns.jcp.org/xml/ns/javaee/web-facesconfig_2_2.xsd">
        
    <!-- Login Page -->
	<navigation-rule>
		<from-view-id>/index.xhtml</from-view-id>
		
                <navigation-case>
                    <from-outcome>employeeAdmin</from-outcome>
                    <to-view-id>/employeeAdmin.xhtml</to-view-id>
                </navigation-case>
	</navigation-rule>
       
        
        <navigation-rule>
            <from-view-id>/employeeAdmin.xhtml</from-view-id>
            <navigation-case>
                <from-outcome>index</from-outcome>
                <to-view-id>/index.xhtml</to-view-id>
            </navigation-case>
        </navigation-rule>
        
        <!-- New Account Page -->
         <!-- <navigation-rule>
             <from-view-id>/newAccount.xhtml</from-view-id>
             <navigation-case>
                 <from-outcome>success</from-outcome>
                 <to-view-id>/tenantAccountPage.xhtml</to-view-id>
             </navigation-case>
         </navigation-rule> -->
                
</faces-config>
    
