<?xml version="1.0" encoding="UTF-8"?>
<project-private xmlns="http://www.netbeans.org/ns/project-private/1">
    <editor-bookmarks xmlns="http://www.netbeans.org/ns/editor-bookmarks/2" lastBookmarkId="0"/>
    <open-files xmlns="http://www.netbeans.org/ns/projectui-open-files/2">
        <group>
            <file>file:/C:/Users/Katie/CSCC-Capstone/EmployeeLogin/web/employeeProfileEdit.xhtml</file>
            <file>file:/C:/Users/Katie/CSCC-Capstone/EmployeeLogin/web/resources/css/waystoneEmployee.css</file>
            <file>file:/C:/Users/Katie/CSCC-Capstone/EmployeeLogin/src/java/waystonepropertymanagement/employee/login/Employee.java</file>
            <file>file:/C:/Users/Katie/CSCC-Capstone/EmployeeLogin/web/employeeProfile.xhtml</file>
            <file>file:/C:/Users/Katie/CSCC-Capstone/EmployeeLogin/web/templates/content.xhtml</file>
            <file>file:/C:/Users/Katie/CSCC-Capstone/EmployeeLogin/web/templates/header.xhtml</file>
            <file>file:/C:/Users/Katie/CSCC-Capstone/EmployeeLogin/src/java/waystonepropertymanagement/employee/login/DataConnect.java</file>
            <file>file:/C:/Users/Katie/CSCC-Capstone/EmployeeLogin/web/employeeAdmin.xhtml</file>
            <file>file:/C:/Users/Katie/CSCC-Capstone/EmployeeLogin/web/resources/js/waystoneEmp.js</file>
            <file>file:/C:/Users/Katie/CSCC-Capstone/EmployeeLogin/web/index.xhtml</file>
            <file>file:/C:/Users/Katie/CSCC-Capstone/EmployeeLogin/src/java/waystonepropertymanagement/employee/login/EmployeeLoginDAO.java</file>
            <file>file:/C:/Users/Katie/CSCC-Capstone/EmployeeLogin/web/templates/commonTemplate.xhtml</file>
            <file>file:/C:/Users/Katie/CSCC-Capstone/EmployeeLogin/src/java/waystonepropertymanagement/employee/login/Login.java</file>
        </group>
    </open-files>
</project-private>
